Year,Average Polarity
2008,0.10625
2012,-0.008641975308641973
2016,0.0625
2020,0.03385416666666666
